[
  {
    "id": "8d585334-eaf3-4bd7-8ee9-2bbd21b2ac66",
    "title": "My day today",
    "body": "vbnma,.sdvshabzxc,m.zmJHQHBNSM,LKiouhejsbcnm,aklwqoieq8w97ysughbn",
    "lastUpdated": "2025-11-24T17:35:41.4095392",
    "attachments": [
      {
        "id": "bcf4ffa5-8a3e-402a-8a60-b83793923464",
        "fileName": "chart-candlestick-flat-icons-line-260nw-2602606975G.jpg",
        "absolutePath": "C:\\Users\\dell\\Downloads\\Notetime project\\data\\assets\\chart-candlestick-flat-icons-line-260nw-2602606975G.jpg",
        "type": "IMAGE"
      }
    ]
  }
]